{
  "basic_probabilities": {
    "home_win_rate": 0.40789473684210525,
    "away_win_rate": 0.3473684210526316,
    "draw_rate": 0.24473684210526317,
    "total_matches": 380
  },
  "form_probabilities": {
    "0.5": {
      "home_win_prob": 0.47619047619047616,
      "away_win_prob": 0.30158730158730157,
      "draw_prob": 0.2222222222222222,
      "sample_size": 63
    },
    "0.0": {
      "home_win_prob": 0.3974358974358974,
      "away_win_prob": 0.32051282051282054,
      "draw_prob": 0.28205128205128205,
      "sample_size": 78
    },
    "-0.5": {
      "home_win_prob": 0.3492063492063492,
      "away_win_prob": 0.3968253968253968,
      "draw_prob": 0.25396825396825395,
      "sample_size": 63
    },
    "1.5": {
      "home_win_prob": 0.42857142857142855,
      "away_win_prob": 0.14285714285714285,
      "draw_prob": 0.42857142857142855,
      "sample_size": 7
    },
    "1.0": {
      "home_win_prob": 0.5555555555555556,
      "away_win_prob": 0.2222222222222222,
      "draw_prob": 0.2222222222222222,
      "sample_size": 27
    },
    "-1.0": {
      "home_win_prob": 0.4074074074074074,
      "away_win_prob": 0.25925925925925924,
      "draw_prob": 0.3333333333333333,
      "sample_size": 27
    },
    "-1.5": {
      "home_win_prob": 0.14285714285714285,
      "away_win_prob": 0.5714285714285714,
      "draw_prob": 0.2857142857142857,
      "sample_size": 7
    }
  },
  "metadata": {
    "season": "2024-25",
    "total_matches": 380
  }
}